<?xml version="1.0" encoding="UTF-8" standalone="yes"?>
<addon id="repository.espagnol01" name="Repositorio Oficial de Espagnol" version="1.1.0" provider-name="espagnol01">
	<extension point="xbmc.addon.repository" name="Espagnol Official Repo">
		<info compressed="false">https://raw.githubusercontent.com/espagnol01/espagnol01-repository/master/addons.xml</info>
		<checksum>https://raw.githubusercontent.com/espagnol01/espagnol01-repository/master/addons.xml.md5</checksum>
		<datadir zip="true">https://raw.githubusercontent.com/espagnol01/espagnol01-repository/master</datadir>
	</extension>
	<extension point="xbmc.addon.metadata">
		<summary>Espagnol Official Repo</summary>
   		<description lang="en">Instala los addons más usados por espagnol01</description>
		<disclaimer></disclaimer>
		<platform>all</platform>
	</extension>
</addon>